search1_ w: 10 h: 10 n: 10 , 10
search1_ w: 10 h: 10 n: 10 , 31
search1_ w: 10 h: 10 n: 10 , 62
search1_ w: 10 h: 10 n: 10 , 104
search1_ w: 10 h: 10 n: 10 , 157
search1_ w: 10 h: 10 n: 10 , 219
search1_ w: 10 h: 10 n: 10 , 290
search1_ w: 10 h: 10 n: 10 , 372
search1_ w: 10 h: 10 n: 10 , 465
search1_ w: 10 h: 10 n: 10 , 568
search1_ w: 10 h: 500 n: 10 , 10
search1_ w: 10 h: 500 n: 10 , 32
search1_ w: 10 h: 500 n: 10 , 63
search1_ w: 10 h: 500 n: 10 , 104
search1_ w: 10 h: 500 n: 10 , 157
search1_ w: 10 h: 500 n: 10 , 219
search1_ w: 10 h: 500 n: 10 , 291
search1_ w: 10 h: 500 n: 10 , 374
search1_ w: 10 h: 500 n: 10 , 466
search1_ w: 10 h: 500 n: 10 , 570
search1_ w: 20 h: 10 n: 10 , 20
search1_ w: 20 h: 10 n: 10 , 61
search1_ w: 20 h: 10 n: 10 , 122
search1_ w: 20 h: 10 n: 10 , 204
search1_ w: 20 h: 10 n: 10 , 305
search1_ w: 20 h: 10 n: 10 , 426
search1_ w: 20 h: 10 n: 10 , 570
search1_ w: 20 h: 10 n: 10 , 732
search1_ w: 20 h: 10 n: 10 , 914
search1_ w: 20 h: 10 n: 10 , 1118
search1_ w: 20 h: 500 n: 10 , 20
search1_ w: 20 h: 500 n: 10 , 61
search1_ w: 20 h: 500 n: 10 , 123
search1_ w: 20 h: 500 n: 10 , 204
search1_ w: 20 h: 500 n: 10 , 305
search1_ w: 20 h: 500 n: 10 , 427
search1_ w: 20 h: 500 n: 10 , 570
search1_ w: 20 h: 500 n: 10 , 734
search1_ w: 20 h: 500 n: 10 , 919
search1_ w: 20 h: 500 n: 10 , 1123
search1_ w: 50 h: 10 n: 10 , 50
search1_ w: 50 h: 10 n: 10 , 151
search1_ w: 50 h: 10 n: 10 , 302
search1_ w: 50 h: 10 n: 10 , 504
search1_ w: 50 h: 10 n: 10 , 755
search1_ w: 50 h: 10 n: 10 , 1056
search1_ w: 50 h: 10 n: 10 , 1409
search1_ w: 50 h: 10 n: 10 , 1812
search1_ w: 50 h: 10 n: 10 , 2265
search1_ w: 50 h: 10 n: 10 , 2768
search1_ w: 50 h: 500 n: 10 , 50
search1_ w: 50 h: 500 n: 10 , 151
search1_ w: 50 h: 500 n: 10 , 301
search1_ w: 50 h: 500 n: 10 , 502
search1_ w: 50 h: 500 n: 10 , 753
search1_ w: 50 h: 500 n: 10 , 1056
search1_ w: 50 h: 500 n: 10 , 1408
search1_ w: 50 h: 500 n: 10 , 1810
search1_ w: 50 h: 500 n: 10 , 2263
search1_ w: 50 h: 500 n: 10 , 2766
search1_ w: 10 h: 10 n: 20 , 144
search1_ w: 10 h: 10 n: 20 , 351
search1_ w: 10 h: 10 n: 20 , 515
search1_ w: 10 h: 10 n: 20 , 545
search1_ w: 10 h: 10 n: 20 , 731
search1_ w: 10 h: 10 n: 20 , 814
search1_ w: 10 h: 10 n: 20 , 1020
search1_ w: 10 h: 10 n: 20 , 1061
search1_ w: 10 h: 10 n: 20 , 1195
search1_ w: 10 h: 10 n: 20 , 1289
search1_ w: 10 h: 500 n: 20 , 143
search1_ w: 10 h: 500 n: 20 , 348
search1_ w: 10 h: 500 n: 20 , 512
search1_ w: 10 h: 500 n: 20 , 542
search1_ w: 10 h: 500 n: 20 , 729
search1_ w: 10 h: 500 n: 20 , 811
search1_ w: 10 h: 500 n: 20 , 1017
search1_ w: 10 h: 500 n: 20 , 1058
search1_ w: 10 h: 500 n: 20 , 1191
search1_ w: 10 h: 500 n: 20 , 1283
search1_ w: 20 h: 10 n: 20 , 284
search1_ w: 20 h: 10 n: 20 , 690
search1_ w: 20 h: 10 n: 20 , 1015
search1_ w: 20 h: 10 n: 20 , 1076
search1_ w: 20 h: 10 n: 20 , 1439
search1_ w: 20 h: 10 n: 20 , 1601
search1_ w: 20 h: 10 n: 20 , 2006
search1_ w: 20 h: 10 n: 20 , 2086
search1_ w: 20 h: 10 n: 20 , 2351
search1_ w: 20 h: 10 n: 20 , 2535
search1_ w: 20 h: 500 n: 20 , 284
search1_ w: 20 h: 500 n: 20 , 691
search1_ w: 20 h: 500 n: 20 , 1016
search1_ w: 20 h: 500 n: 20 , 1077
search1_ w: 20 h: 500 n: 20 , 1442
search1_ w: 20 h: 500 n: 20 , 1605
search1_ w: 20 h: 500 n: 20 , 2008
search1_ w: 20 h: 500 n: 20 , 2089
search1_ w: 20 h: 500 n: 20 , 2353
search1_ w: 20 h: 500 n: 20 , 2535
search1_ w: 50 h: 10 n: 20 , 704
search1_ w: 50 h: 10 n: 20 , 1709
search1_ w: 50 h: 10 n: 20 , 2515
search1_ w: 50 h: 10 n: 20 , 2666
search1_ w: 50 h: 10 n: 20 , 3570
search1_ w: 50 h: 10 n: 20 , 3974
search1_ w: 50 h: 10 n: 20 , 4979
search1_ w: 50 h: 10 n: 20 , 5181
search1_ w: 50 h: 10 n: 20 , 5835
search1_ w: 50 h: 10 n: 20 , 6287
search1_ w: 50 h: 500 n: 20 , 705
search1_ w: 50 h: 500 n: 20 , 1712
search1_ w: 50 h: 500 n: 20 , 2516
search1_ w: 50 h: 500 n: 20 , 2666
search1_ w: 50 h: 500 n: 20 , 3572
search1_ w: 50 h: 500 n: 20 , 3976
search1_ w: 50 h: 500 n: 20 , 4982
search1_ w: 50 h: 500 n: 20 , 5184
search1_ w: 50 h: 500 n: 20 , 5838
search1_ w: 50 h: 500 n: 20 , 6312
search1_ w: 10 h: 10 n: 50 , 349
search1_ w: 10 h: 10 n: 50 , 864
search1_ w: 10 h: 10 n: 50 , 1040
search1_ w: 10 h: 10 n: 50 , 1367
search1_ w: 10 h: 10 n: 50 , 1727
search1_ w: 10 h: 10 n: 50 , 1769
search1_ w: 10 h: 10 n: 50 , 2141
search1_ w: 10 h: 10 n: 50 , 2640
search1_ w: 10 h: 10 n: 50 , 2805
search1_ w: 10 h: 10 n: 50 , 3290
search1_ w: 10 h: 500 n: 50 , 347
search1_ w: 10 h: 500 n: 50 , 859
search1_ w: 10 h: 500 n: 50 , 1033
search1_ w: 10 h: 500 n: 50 , 1363
search1_ w: 10 h: 500 n: 50 , 1724
search1_ w: 10 h: 500 n: 50 , 1766
search1_ w: 10 h: 500 n: 50 , 2135
search1_ w: 10 h: 500 n: 50 , 2630
search1_ w: 10 h: 500 n: 50 , 2794
search1_ w: 10 h: 500 n: 50 , 3277
search1_ w: 20 h: 10 n: 50 , 693
search1_ w: 20 h: 10 n: 50 , 1705
search1_ w: 20 h: 10 n: 50 , 2048
search1_ w: 20 h: 10 n: 50 , 2695
search1_ w: 20 h: 10 n: 50 , 3403
search1_ w: 20 h: 10 n: 50 , 3485
search1_ w: 20 h: 10 n: 50 , 4215
search1_ w: 20 h: 10 n: 50 , 5189
search1_ w: 20 h: 10 n: 50 , 5525
search1_ w: 20 h: 10 n: 50 , 6479
search1_ w: 20 h: 500 n: 50 , 688
search1_ w: 20 h: 500 n: 50 , 1699
search1_ w: 20 h: 500 n: 50 , 2042
search1_ w: 20 h: 500 n: 50 , 2691
search1_ w: 20 h: 500 n: 50 , 3401
search1_ w: 20 h: 500 n: 50 , 3482
search1_ w: 20 h: 500 n: 50 , 4212
search1_ w: 20 h: 500 n: 50 , 5183
search1_ w: 20 h: 500 n: 50 , 5508
search1_ w: 20 h: 500 n: 50 , 6459
search1_ w: 50 h: 10 n: 50 , 1710
search1_ w: 50 h: 10 n: 50 , 4220
search1_ w: 50 h: 10 n: 50 , 5073
search1_ w: 50 h: 10 n: 50 , 6681
search1_ w: 50 h: 10 n: 50 , 8438
search1_ w: 50 h: 10 n: 50 , 8639
search1_ w: 50 h: 10 n: 50 , 10449
search1_ w: 50 h: 10 n: 50 , 12858
search1_ w: 50 h: 10 n: 50 , 13660
search1_ w: 50 h: 10 n: 50 , 16021
search1_ w: 50 h: 500 n: 50 , 1708
search1_ w: 50 h: 500 n: 50 , 4222
search1_ w: 50 h: 500 n: 50 , 5075
search1_ w: 50 h: 500 n: 50 , 6682
search1_ w: 50 h: 500 n: 50 , 8440
search1_ w: 50 h: 500 n: 50 , 8641
search1_ w: 50 h: 500 n: 50 , 10451
search1_ w: 50 h: 500 n: 50 , 12861
search1_ w: 50 h: 500 n: 50 , 13664
search1_ w: 50 h: 500 n: 50 , 16027
search1_ w: 10 h: 10 n: 100 , 730
search1_ w: 10 h: 10 n: 100 , 1752
search1_ w: 10 h: 10 n: 100 , 2661
search1_ w: 10 h: 10 n: 100 , 3642
search1_ w: 10 h: 10 n: 100 , 3980
search1_ w: 10 h: 10 n: 100 , 4664
search1_ w: 10 h: 10 n: 100 , 4757
search1_ w: 10 h: 10 n: 100 , 4809
search1_ w: 10 h: 10 n: 100 , 4933
search1_ w: 10 h: 10 n: 100 , 5403
search1_ w: 10 h: 500 n: 100 , 724
search1_ w: 10 h: 500 n: 100 , 1747
search1_ w: 10 h: 500 n: 100 , 2655
search1_ w: 10 h: 500 n: 100 , 3635
search1_ w: 10 h: 500 n: 100 , 3973
search1_ w: 10 h: 500 n: 100 , 4661
search1_ w: 10 h: 500 n: 100 , 4754
search1_ w: 10 h: 500 n: 100 , 4805
search1_ w: 10 h: 500 n: 100 , 4928
search1_ w: 10 h: 500 n: 100 , 5398
search1_ w: 20 h: 10 n: 100 , 1437
search1_ w: 20 h: 10 n: 100 , 3462
search1_ w: 20 h: 10 n: 100 , 5262
search1_ w: 20 h: 10 n: 100 , 7201
search1_ w: 20 h: 10 n: 100 , 7869
search1_ w: 20 h: 10 n: 100 , 9224
search1_ w: 20 h: 10 n: 100 , 9406
search1_ w: 20 h: 10 n: 100 , 9507
search1_ w: 20 h: 10 n: 100 , 9748
search1_ w: 20 h: 10 n: 100 , 10684
search1_ w: 20 h: 500 n: 100 , 1436
search1_ w: 20 h: 500 n: 100 , 3461
search1_ w: 20 h: 500 n: 100 , 5266
search1_ w: 20 h: 500 n: 100 , 7212
search1_ w: 20 h: 500 n: 100 , 7882
search1_ w: 20 h: 500 n: 100 , 9235
search1_ w: 20 h: 500 n: 100 , 9419
search1_ w: 20 h: 500 n: 100 , 9519
search1_ w: 20 h: 500 n: 100 , 9762
search1_ w: 20 h: 500 n: 100 , 10692
search1_ w: 50 h: 10 n: 100 , 3567
search1_ w: 50 h: 10 n: 100 , 8587
search1_ w: 50 h: 10 n: 100 , 13060
search1_ w: 50 h: 10 n: 100 , 17884
search1_ w: 50 h: 10 n: 100 , 19540
search1_ w: 50 h: 10 n: 100 , 22903
search1_ w: 50 h: 10 n: 100 , 23355
search1_ w: 50 h: 10 n: 100 , 23606
search1_ w: 50 h: 10 n: 100 , 24211
search1_ w: 50 h: 10 n: 100 , 26523
search1_ w: 50 h: 500 n: 100 , 3567
search1_ w: 50 h: 500 n: 100 , 8593
search1_ w: 50 h: 500 n: 100 , 13069
search1_ w: 50 h: 500 n: 100 , 17892
search1_ w: 50 h: 500 n: 100 , 19550
search1_ w: 50 h: 500 n: 100 , 22913
search1_ w: 50 h: 500 n: 100 , 23364
search1_ w: 50 h: 500 n: 100 , 23615
search1_ w: 50 h: 500 n: 100 , 24217
search1_ w: 50 h: 500 n: 100 , 26539
search1_ w: 10 h: 10 n: 200 , 1945
search1_ w: 10 h: 10 n: 200 , 4013
search1_ w: 10 h: 10 n: 200 , 4957
search1_ w: 10 h: 10 n: 200 , 5198
search1_ w: 10 h: 10 n: 200 , 6890
search1_ w: 10 h: 10 n: 200 , 7037
search1_ w: 10 h: 10 n: 200 , 7047
search1_ w: 10 h: 10 n: 200 , 7614
search1_ w: 10 h: 10 n: 200 , 8409
search1_ w: 10 h: 10 n: 200 , 9606
search1_ w: 10 h: 500 n: 200 , 1952
search1_ w: 10 h: 500 n: 200 , 4035
search1_ w: 10 h: 500 n: 200 , 4980
search1_ w: 10 h: 500 n: 200 , 5220
search1_ w: 10 h: 500 n: 200 , 6917
search1_ w: 10 h: 500 n: 200 , 7064
search1_ w: 10 h: 500 n: 200 , 7074
search1_ w: 10 h: 500 n: 200 , 7645
search1_ w: 10 h: 500 n: 200 , 8437
search1_ w: 10 h: 500 n: 200 , 9629
search1_ w: 20 h: 10 n: 200 , 3829
search1_ w: 20 h: 10 n: 200 , 7910
search1_ w: 20 h: 10 n: 200 , 9769
search1_ w: 20 h: 10 n: 200 , 10237
search1_ w: 20 h: 10 n: 200 , 13564
search1_ w: 20 h: 10 n: 200 , 13849
search1_ w: 20 h: 10 n: 200 , 13869
search1_ w: 20 h: 10 n: 200 , 14995
search1_ w: 20 h: 10 n: 200 , 16550
search1_ w: 20 h: 10 n: 200 , 18911
search1_ w: 20 h: 500 n: 200 , 3823
search1_ w: 20 h: 500 n: 200 , 7915
search1_ w: 20 h: 500 n: 200 , 9776
search1_ w: 20 h: 500 n: 200 , 10248
search1_ w: 20 h: 500 n: 200 , 13580
search1_ w: 20 h: 500 n: 200 , 13865
search1_ w: 20 h: 500 n: 200 , 13886
search1_ w: 20 h: 500 n: 200 , 15005
search1_ w: 20 h: 500 n: 200 , 16554
search1_ w: 20 h: 500 n: 200 , 18905
search1_ w: 50 h: 10 n: 200 , 9429
search1_ w: 50 h: 10 n: 200 , 19524
search1_ w: 50 h: 10 n: 200 , 24112
search1_ w: 50 h: 10 n: 200 , 25274
search1_ w: 50 h: 10 n: 200 , 33491
search1_ w: 50 h: 10 n: 200 , 34199
search1_ w: 50 h: 10 n: 200 , 34251
search1_ w: 50 h: 10 n: 200 , 37022
search1_ w: 50 h: 10 n: 200 , 40855
search1_ w: 50 h: 10 n: 200 , 46659
search1_ w: 50 h: 500 n: 200 , 9426
search1_ w: 50 h: 500 n: 200 , 19518
search1_ w: 50 h: 500 n: 200 , 24110
search1_ w: 50 h: 500 n: 200 , 25270
search1_ w: 50 h: 500 n: 200 , 33495
search1_ w: 50 h: 500 n: 200 , 34204
search1_ w: 50 h: 500 n: 200 , 34255
search1_ w: 50 h: 500 n: 200 , 37027
search1_ w: 50 h: 500 n: 200 , 40857
search1_ w: 50 h: 500 n: 200 , 46658
search2_ w: 10 h: 10 n: 10 , 31
search2_ w: 10 h: 10 n: 10 , 52
search2_ w: 10 h: 10 n: 10 , 84
search2_ w: 10 h: 10 n: 10 , 116
search2_ w: 10 h: 10 n: 10 , 158
search2_ w: 10 h: 10 n: 10 , 190
search2_ w: 10 h: 10 n: 10 , 232
search2_ w: 10 h: 10 n: 10 , 275
search2_ w: 10 h: 10 n: 10 , 286
search2_ w: 10 h: 10 n: 10 , 328
search2_ w: 10 h: 500 n: 10 , 32
search2_ w: 10 h: 500 n: 10 , 53
search2_ w: 10 h: 500 n: 10 , 84
search2_ w: 10 h: 500 n: 10 , 117
search2_ w: 10 h: 500 n: 10 , 160
search2_ w: 10 h: 500 n: 10 , 191
search2_ w: 10 h: 500 n: 10 , 233
search2_ w: 10 h: 500 n: 10 , 274
search2_ w: 10 h: 500 n: 10 , 284
search2_ w: 10 h: 500 n: 10 , 325
search2_ w: 20 h: 10 n: 10 , 62
search2_ w: 20 h: 10 n: 10 , 104
search2_ w: 20 h: 10 n: 10 , 166
search2_ w: 20 h: 10 n: 10 , 227
search2_ w: 20 h: 10 n: 10 , 310
search2_ w: 20 h: 10 n: 10 , 370
search2_ w: 20 h: 10 n: 10 , 452
search2_ w: 20 h: 10 n: 10 , 534
search2_ w: 20 h: 10 n: 10 , 554
search2_ w: 20 h: 10 n: 10 , 636
search2_ w: 20 h: 500 n: 10 , 61
search2_ w: 20 h: 500 n: 10 , 103
search2_ w: 20 h: 500 n: 10 , 163
search2_ w: 20 h: 500 n: 10 , 223
search2_ w: 20 h: 500 n: 10 , 306
search2_ w: 20 h: 500 n: 10 , 369
search2_ w: 20 h: 500 n: 10 , 451
search2_ w: 20 h: 500 n: 10 , 533
search2_ w: 20 h: 500 n: 10 , 554
search2_ w: 20 h: 500 n: 10 , 637
search2_ w: 50 h: 10 n: 10 , 152
search2_ w: 50 h: 10 n: 10 , 254
search2_ w: 50 h: 10 n: 10 , 406
search2_ w: 50 h: 10 n: 10 , 557
search2_ w: 50 h: 10 n: 10 , 759
search2_ w: 50 h: 10 n: 10 , 911
search2_ w: 50 h: 10 n: 10 , 1113
search2_ w: 50 h: 10 n: 10 , 1315
search2_ w: 50 h: 10 n: 10 , 1366
search2_ w: 50 h: 10 n: 10 , 1569
search2_ w: 50 h: 500 n: 10 , 151
search2_ w: 50 h: 500 n: 10 , 252
search2_ w: 50 h: 500 n: 10 , 404
search2_ w: 50 h: 500 n: 10 , 555
search2_ w: 50 h: 500 n: 10 , 758
search2_ w: 50 h: 500 n: 10 , 910
search2_ w: 50 h: 500 n: 10 , 1112
search2_ w: 50 h: 500 n: 10 , 1314
search2_ w: 50 h: 500 n: 10 , 1365
search2_ w: 50 h: 500 n: 10 , 1568
search2_ w: 10 h: 10 n: 20 , 31
search2_ w: 10 h: 10 n: 20 , 94
search2_ w: 10 h: 10 n: 20 , 136
search2_ w: 10 h: 10 n: 20 , 180
search2_ w: 10 h: 10 n: 20 , 222
search2_ w: 10 h: 10 n: 20 , 276
search2_ w: 10 h: 10 n: 20 , 309
search2_ w: 10 h: 10 n: 20 , 341
search2_ w: 10 h: 10 n: 20 , 363
search2_ w: 10 h: 10 n: 20 , 406
search2_ w: 10 h: 500 n: 20 , 31
search2_ w: 10 h: 500 n: 20 , 97
search2_ w: 10 h: 500 n: 20 , 139
search2_ w: 10 h: 500 n: 20 , 182
search2_ w: 10 h: 500 n: 20 , 224
search2_ w: 10 h: 500 n: 20 , 278
search2_ w: 10 h: 500 n: 20 , 309
search2_ w: 10 h: 500 n: 20 , 343
search2_ w: 10 h: 500 n: 20 , 364
search2_ w: 10 h: 500 n: 20 , 407
search2_ w: 20 h: 10 n: 20 , 60
search2_ w: 20 h: 10 n: 20 , 183
search2_ w: 20 h: 10 n: 20 , 264
search2_ w: 20 h: 10 n: 20 , 347
search2_ w: 20 h: 10 n: 20 , 429
search2_ w: 20 h: 10 n: 20 , 532
search2_ w: 20 h: 10 n: 20 , 595
search2_ w: 20 h: 10 n: 20 , 657
search2_ w: 20 h: 10 n: 20 , 699
search2_ w: 20 h: 10 n: 20 , 780
search2_ w: 20 h: 500 n: 20 , 61
search2_ w: 20 h: 500 n: 20 , 184
search2_ w: 20 h: 500 n: 20 , 266
search2_ w: 20 h: 500 n: 20 , 348
search2_ w: 20 h: 500 n: 20 , 430
search2_ w: 20 h: 500 n: 20 , 532
search2_ w: 20 h: 500 n: 20 , 593
search2_ w: 20 h: 500 n: 20 , 654
search2_ w: 20 h: 500 n: 20 , 695
search2_ w: 20 h: 500 n: 20 , 779
search2_ w: 50 h: 10 n: 20 , 152
search2_ w: 50 h: 10 n: 20 , 455
search2_ w: 50 h: 10 n: 20 , 658
search2_ w: 50 h: 10 n: 20 , 861
search2_ w: 50 h: 10 n: 20 , 1064
search2_ w: 50 h: 10 n: 20 , 1317
search2_ w: 50 h: 10 n: 20 , 1469
search2_ w: 50 h: 10 n: 20 , 1621
search2_ w: 50 h: 10 n: 20 , 1722
search2_ w: 50 h: 10 n: 20 , 1925
search2_ w: 50 h: 500 n: 20 , 150
search2_ w: 50 h: 500 n: 20 , 454
search2_ w: 50 h: 500 n: 20 , 657
search2_ w: 50 h: 500 n: 20 , 860
search2_ w: 50 h: 500 n: 20 , 1063
search2_ w: 50 h: 500 n: 20 , 1316
search2_ w: 50 h: 500 n: 20 , 1468
search2_ w: 50 h: 500 n: 20 , 1620
search2_ w: 50 h: 500 n: 20 , 1721
search2_ w: 50 h: 500 n: 20 , 1924
search2_ w: 10 h: 10 n: 50 , 53
search2_ w: 10 h: 10 n: 50 , 126
search2_ w: 10 h: 10 n: 50 , 190
search2_ w: 10 h: 10 n: 50 , 201
search2_ w: 10 h: 10 n: 50 , 270
search2_ w: 10 h: 10 n: 50 , 311
search2_ w: 10 h: 10 n: 50 , 374
search2_ w: 10 h: 10 n: 50 , 437
search2_ w: 10 h: 10 n: 50 , 488
search2_ w: 10 h: 10 n: 50 , 540
search2_ w: 10 h: 500 n: 50 , 52
search2_ w: 10 h: 500 n: 50 , 124
search2_ w: 10 h: 500 n: 50 , 187
search2_ w: 10 h: 500 n: 50 , 198
search2_ w: 10 h: 500 n: 50 , 261
search2_ w: 10 h: 500 n: 50 , 302
search2_ w: 10 h: 500 n: 50 , 365
search2_ w: 10 h: 500 n: 50 , 427
search2_ w: 10 h: 500 n: 50 , 479
search2_ w: 10 h: 500 n: 50 , 531
search2_ w: 20 h: 10 n: 50 , 101
search2_ w: 20 h: 10 n: 50 , 244
search2_ w: 20 h: 10 n: 50 , 367
search2_ w: 20 h: 10 n: 50 , 387
search2_ w: 20 h: 10 n: 50 , 509
search2_ w: 20 h: 10 n: 50 , 592
search2_ w: 20 h: 10 n: 50 , 715
search2_ w: 20 h: 10 n: 50 , 837
search2_ w: 20 h: 10 n: 50 , 940
search2_ w: 20 h: 10 n: 50 , 1042
search2_ w: 20 h: 500 n: 50 , 102
search2_ w: 20 h: 500 n: 50 , 247
search2_ w: 20 h: 500 n: 50 , 370
search2_ w: 20 h: 500 n: 50 , 390
search2_ w: 20 h: 500 n: 50 , 513
search2_ w: 20 h: 500 n: 50 , 595
search2_ w: 20 h: 500 n: 50 , 717
search2_ w: 20 h: 500 n: 50 , 841
search2_ w: 20 h: 500 n: 50 , 944
search2_ w: 20 h: 500 n: 50 , 1046
search2_ w: 50 h: 10 n: 50 , 252
search2_ w: 50 h: 10 n: 50 , 605
search2_ w: 50 h: 10 n: 50 , 907
search2_ w: 50 h: 10 n: 50 , 957
search2_ w: 50 h: 10 n: 50 , 1260
search2_ w: 50 h: 10 n: 50 , 1462
search2_ w: 50 h: 10 n: 50 , 1764
search2_ w: 50 h: 10 n: 50 , 2067
search2_ w: 50 h: 10 n: 50 , 2321
search2_ w: 50 h: 10 n: 50 , 2573
search2_ w: 50 h: 500 n: 50 , 252
search2_ w: 50 h: 500 n: 50 , 607
search2_ w: 50 h: 500 n: 50 , 910
search2_ w: 50 h: 500 n: 50 , 961
search2_ w: 50 h: 500 n: 50 , 1275
search2_ w: 50 h: 500 n: 50 , 1479
search2_ w: 50 h: 500 n: 50 , 1783
search2_ w: 50 h: 500 n: 50 , 2085
search2_ w: 50 h: 500 n: 50 , 2337
search2_ w: 50 h: 500 n: 50 , 2591
search2_ w: 10 h: 10 n: 100 , 74
search2_ w: 10 h: 10 n: 100 , 157
search2_ w: 10 h: 10 n: 100 , 178
search2_ w: 10 h: 10 n: 100 , 241
search2_ w: 10 h: 10 n: 100 , 303
search2_ w: 10 h: 10 n: 100 , 365
search2_ w: 10 h: 10 n: 100 , 407
search2_ w: 10 h: 10 n: 100 , 469
search2_ w: 10 h: 10 n: 100 , 540
search2_ w: 10 h: 10 n: 100 , 603
search2_ w: 10 h: 500 n: 100 , 73
search2_ w: 10 h: 500 n: 100 , 156
search2_ w: 10 h: 500 n: 100 , 176
search2_ w: 10 h: 500 n: 100 , 240
search2_ w: 10 h: 500 n: 100 , 303
search2_ w: 10 h: 500 n: 100 , 364
search2_ w: 10 h: 500 n: 100 , 405
search2_ w: 10 h: 500 n: 100 , 468
search2_ w: 10 h: 500 n: 100 , 540
search2_ w: 10 h: 500 n: 100 , 603
search2_ w: 20 h: 10 n: 100 , 144
search2_ w: 20 h: 10 n: 100 , 308
search2_ w: 20 h: 10 n: 100 , 350
search2_ w: 20 h: 10 n: 100 , 472
search2_ w: 20 h: 10 n: 100 , 595
search2_ w: 20 h: 10 n: 100 , 720
search2_ w: 20 h: 10 n: 100 , 802
search2_ w: 20 h: 10 n: 100 , 925
search2_ w: 20 h: 10 n: 100 , 1069
search2_ w: 20 h: 10 n: 100 , 1192
search2_ w: 20 h: 500 n: 100 , 143
search2_ w: 20 h: 500 n: 100 , 307
search2_ w: 20 h: 500 n: 100 , 348
search2_ w: 20 h: 500 n: 100 , 470
search2_ w: 20 h: 500 n: 100 , 593
search2_ w: 20 h: 500 n: 100 , 715
search2_ w: 20 h: 500 n: 100 , 796
search2_ w: 20 h: 500 n: 100 , 918
search2_ w: 20 h: 500 n: 100 , 1061
search2_ w: 20 h: 500 n: 100 , 1184
search2_ w: 50 h: 10 n: 100 , 352
search2_ w: 50 h: 10 n: 100 , 756
search2_ w: 50 h: 10 n: 100 , 858
search2_ w: 50 h: 10 n: 100 , 1161
search2_ w: 50 h: 10 n: 100 , 1464
search2_ w: 50 h: 10 n: 100 , 1768
search2_ w: 50 h: 10 n: 100 , 1971
search2_ w: 50 h: 10 n: 100 , 2274
search2_ w: 50 h: 10 n: 100 , 2627
search2_ w: 50 h: 10 n: 100 , 2930
search2_ w: 50 h: 500 n: 100 , 351
search2_ w: 50 h: 500 n: 100 , 755
search2_ w: 50 h: 500 n: 100 , 857
search2_ w: 50 h: 500 n: 100 , 1160
search2_ w: 50 h: 500 n: 100 , 1463
search2_ w: 50 h: 500 n: 100 , 1767
search2_ w: 50 h: 500 n: 100 , 1969
search2_ w: 50 h: 500 n: 100 , 2272
search2_ w: 50 h: 500 n: 100 , 2626
search2_ w: 50 h: 500 n: 100 , 2929
search2_ w: 10 h: 10 n: 200 , 73
search2_ w: 10 h: 10 n: 200 , 167
search2_ w: 10 h: 10 n: 200 , 227
search2_ w: 10 h: 10 n: 200 , 310
search2_ w: 10 h: 10 n: 200 , 361
search2_ w: 10 h: 10 n: 200 , 445
search2_ w: 10 h: 10 n: 200 , 519
search2_ w: 10 h: 10 n: 200 , 571
search2_ w: 10 h: 10 n: 200 , 653
search2_ w: 10 h: 10 n: 200 , 734
search2_ w: 10 h: 500 n: 200 , 76
search2_ w: 10 h: 500 n: 200 , 171
search2_ w: 10 h: 500 n: 200 , 234
search2_ w: 10 h: 500 n: 200 , 318
search2_ w: 10 h: 500 n: 200 , 370
search2_ w: 10 h: 500 n: 200 , 454
search2_ w: 10 h: 500 n: 200 , 527
search2_ w: 10 h: 500 n: 200 , 578
search2_ w: 10 h: 500 n: 200 , 662
search2_ w: 10 h: 500 n: 200 , 747
search2_ w: 20 h: 10 n: 200 , 143
search2_ w: 20 h: 10 n: 200 , 326
search2_ w: 20 h: 10 n: 200 , 448
search2_ w: 20 h: 10 n: 200 , 615
search2_ w: 20 h: 10 n: 200 , 719
search2_ w: 20 h: 10 n: 200 , 884
search2_ w: 20 h: 10 n: 200 , 1027
search2_ w: 20 h: 10 n: 200 , 1129
search2_ w: 20 h: 10 n: 200 , 1292
search2_ w: 20 h: 10 n: 200 , 1455
search2_ w: 20 h: 500 n: 200 , 143
search2_ w: 20 h: 500 n: 200 , 328
search2_ w: 20 h: 500 n: 200 , 451
search2_ w: 20 h: 500 n: 200 , 615
search2_ w: 20 h: 500 n: 200 , 717
search2_ w: 20 h: 500 n: 200 , 881
search2_ w: 20 h: 500 n: 200 , 1025
search2_ w: 20 h: 500 n: 200 , 1127
search2_ w: 20 h: 500 n: 200 , 1290
search2_ w: 20 h: 500 n: 200 , 1455
search2_ w: 50 h: 10 n: 200 , 353
search2_ w: 50 h: 10 n: 200 , 808
search2_ w: 50 h: 10 n: 200 , 1111
search2_ w: 50 h: 10 n: 200 , 1517
search2_ w: 50 h: 10 n: 200 , 1770
search2_ w: 50 h: 10 n: 200 , 2174
search2_ w: 50 h: 10 n: 200 , 2526
search2_ w: 50 h: 10 n: 200 , 2778
search2_ w: 50 h: 10 n: 200 , 3182
search2_ w: 50 h: 10 n: 200 , 3586
search2_ w: 50 h: 500 n: 200 , 352
search2_ w: 50 h: 500 n: 200 , 807
search2_ w: 50 h: 500 n: 200 , 1112
search2_ w: 50 h: 500 n: 200 , 1516
search2_ w: 50 h: 500 n: 200 , 1769
search2_ w: 50 h: 500 n: 200 , 2173
search2_ w: 50 h: 500 n: 200 , 2525
search2_ w: 50 h: 500 n: 200 , 2778
search2_ w: 50 h: 500 n: 200 , 3182
search2_ w: 50 h: 500 n: 200 , 3585
search3_ w: 10 h: 10 n: 10 , 21
search3_ w: 10 h: 10 n: 10 , 42
search3_ w: 10 h: 10 n: 10 , 63
search3_ w: 10 h: 10 n: 10 , 94
search3_ w: 10 h: 10 n: 10 , 116
search3_ w: 10 h: 10 n: 10 , 137
search3_ w: 10 h: 10 n: 10 , 157
search3_ w: 10 h: 10 n: 10 , 179
search3_ w: 10 h: 10 n: 10 , 201
search3_ w: 10 h: 10 n: 10 , 221
search3_ w: 10 h: 500 n: 10 , 512
search3_ w: 10 h: 500 n: 10 , 1022
search3_ w: 10 h: 500 n: 10 , 1534
search3_ w: 10 h: 500 n: 10 , 2055
search3_ w: 10 h: 500 n: 10 , 2566
search3_ w: 10 h: 500 n: 10 , 3078
search3_ w: 10 h: 500 n: 10 , 3590
search3_ w: 10 h: 500 n: 10 , 4101
search3_ w: 10 h: 500 n: 10 , 4612
search3_ w: 10 h: 500 n: 10 , 5123
search3_ w: 20 h: 10 n: 10 , 31
search3_ w: 20 h: 10 n: 10 , 62
search3_ w: 20 h: 10 n: 10 , 93
search3_ w: 20 h: 10 n: 10 , 145
search3_ w: 20 h: 10 n: 10 , 177
search3_ w: 20 h: 10 n: 10 , 209
search3_ w: 20 h: 10 n: 10 , 241
search3_ w: 20 h: 10 n: 10 , 272
search3_ w: 20 h: 10 n: 10 , 304
search3_ w: 20 h: 10 n: 10 , 336
search3_ w: 20 h: 500 n: 10 , 521
search3_ w: 20 h: 500 n: 10 , 1043
search3_ w: 20 h: 500 n: 10 , 1564
search3_ w: 20 h: 500 n: 10 , 2107
search3_ w: 20 h: 500 n: 10 , 2628
search3_ w: 20 h: 500 n: 10 , 3150
search3_ w: 20 h: 500 n: 10 , 3672
search3_ w: 20 h: 500 n: 10 , 4192
search3_ w: 20 h: 500 n: 10 , 4714
search3_ w: 20 h: 500 n: 10 , 5236
search3_ w: 50 h: 10 n: 10 , 61
search3_ w: 50 h: 10 n: 10 , 121
search3_ w: 50 h: 10 n: 10 , 182
search3_ w: 50 h: 10 n: 10 , 293
search3_ w: 50 h: 10 n: 10 , 354
search3_ w: 50 h: 10 n: 10 , 415
search3_ w: 50 h: 10 n: 10 , 476
search3_ w: 50 h: 10 n: 10 , 537
search3_ w: 50 h: 10 n: 10 , 599
search3_ w: 50 h: 10 n: 10 , 660
search3_ w: 50 h: 500 n: 10 , 551
search3_ w: 50 h: 500 n: 10 , 1102
search3_ w: 50 h: 500 n: 10 , 1653
search3_ w: 50 h: 500 n: 10 , 2255
search3_ w: 50 h: 500 n: 10 , 2805
search3_ w: 50 h: 500 n: 10 , 3356
search3_ w: 50 h: 500 n: 10 , 3908
search3_ w: 50 h: 500 n: 10 , 4460
search3_ w: 50 h: 500 n: 10 , 5011
search3_ w: 50 h: 500 n: 10 , 5562
search3_ w: 10 h: 10 n: 20 , 21
search3_ w: 10 h: 10 n: 20 , 42
search3_ w: 10 h: 10 n: 20 , 63
search3_ w: 10 h: 10 n: 20 , 83
search3_ w: 10 h: 10 n: 20 , 104
search3_ w: 10 h: 10 n: 20 , 125
search3_ w: 10 h: 10 n: 20 , 156
search3_ w: 10 h: 10 n: 20 , 197
search3_ w: 10 h: 10 n: 20 , 218
search3_ w: 10 h: 10 n: 20 , 238
search3_ w: 10 h: 500 n: 20 , 511
search3_ w: 10 h: 500 n: 20 , 1022
search3_ w: 10 h: 500 n: 20 , 1533
search3_ w: 10 h: 500 n: 20 , 2044
search3_ w: 10 h: 500 n: 20 , 2555
search3_ w: 10 h: 500 n: 20 , 3066
search3_ w: 10 h: 500 n: 20 , 3587
search3_ w: 10 h: 500 n: 20 , 4117
search3_ w: 10 h: 500 n: 20 , 4629
search3_ w: 10 h: 500 n: 20 , 5140
search3_ w: 20 h: 10 n: 20 , 30
search3_ w: 20 h: 10 n: 20 , 61
search3_ w: 20 h: 10 n: 20 , 92
search3_ w: 20 h: 10 n: 20 , 123
search3_ w: 20 h: 10 n: 20 , 154
search3_ w: 20 h: 10 n: 20 , 185
search3_ w: 20 h: 10 n: 20 , 236
search3_ w: 20 h: 10 n: 20 , 309
search3_ w: 20 h: 10 n: 20 , 340
search3_ w: 20 h: 10 n: 20 , 371
search3_ w: 20 h: 500 n: 20 , 521
search3_ w: 20 h: 500 n: 20 , 1043
search3_ w: 20 h: 500 n: 20 , 1564
search3_ w: 20 h: 500 n: 20 , 2085
search3_ w: 20 h: 500 n: 20 , 2607
search3_ w: 20 h: 500 n: 20 , 3128
search3_ w: 20 h: 500 n: 20 , 3671
search3_ w: 20 h: 500 n: 20 , 4233
search3_ w: 20 h: 500 n: 20 , 4754
search3_ w: 20 h: 500 n: 20 , 5274
search3_ w: 50 h: 10 n: 20 , 61
search3_ w: 50 h: 10 n: 20 , 123
search3_ w: 50 h: 10 n: 20 , 185
search3_ w: 50 h: 10 n: 20 , 247
search3_ w: 50 h: 10 n: 20 , 309
search3_ w: 50 h: 10 n: 20 , 370
search3_ w: 50 h: 10 n: 20 , 482
search3_ w: 50 h: 10 n: 20 , 644
search3_ w: 50 h: 10 n: 20 , 705
search3_ w: 50 h: 10 n: 20 , 767
search3_ w: 50 h: 500 n: 20 , 551
search3_ w: 50 h: 500 n: 20 , 1102
search3_ w: 50 h: 500 n: 20 , 1654
search3_ w: 50 h: 500 n: 20 , 2205
search3_ w: 50 h: 500 n: 20 , 2756
search3_ w: 50 h: 500 n: 20 , 3308
search3_ w: 50 h: 500 n: 20 , 3909
search3_ w: 50 h: 500 n: 20 , 4561
search3_ w: 50 h: 500 n: 20 , 5112
search3_ w: 50 h: 500 n: 20 , 5665
search3_ w: 10 h: 10 n: 50 , 61
search3_ w: 10 h: 10 n: 50 , 114
search3_ w: 10 h: 10 n: 50 , 157
search3_ w: 10 h: 10 n: 50 , 188
search3_ w: 10 h: 10 n: 50 , 219
search3_ w: 10 h: 10 n: 50 , 261
search3_ w: 10 h: 10 n: 50 , 283
search3_ w: 10 h: 10 n: 50 , 305
search3_ w: 10 h: 10 n: 50 , 326
search3_ w: 10 h: 10 n: 50 , 358
search3_ w: 10 h: 500 n: 50 , 553
search3_ w: 10 h: 500 n: 50 , 1095
search3_ w: 10 h: 500 n: 50 , 1626
search3_ w: 10 h: 500 n: 50 , 2149
search3_ w: 10 h: 500 n: 50 , 2670
search3_ w: 10 h: 500 n: 50 , 3202
search3_ w: 10 h: 500 n: 50 , 3714
search3_ w: 10 h: 500 n: 50 , 4226
search3_ w: 10 h: 500 n: 50 , 4738
search3_ w: 10 h: 500 n: 50 , 5260
search3_ w: 20 h: 10 n: 50 , 113
search3_ w: 20 h: 10 n: 50 , 205
search3_ w: 20 h: 10 n: 50 , 278
search3_ w: 20 h: 10 n: 50 , 330
search3_ w: 20 h: 10 n: 50 , 381
search3_ w: 20 h: 10 n: 50 , 452
search3_ w: 20 h: 10 n: 50 , 484
search3_ w: 20 h: 10 n: 50 , 515
search3_ w: 20 h: 10 n: 50 , 547
search3_ w: 20 h: 10 n: 50 , 599
search3_ w: 20 h: 500 n: 50 , 603
search3_ w: 20 h: 500 n: 50 , 1186
search3_ w: 20 h: 500 n: 50 , 1749
search3_ w: 20 h: 500 n: 50 , 2291
search3_ w: 20 h: 500 n: 50 , 2834
search3_ w: 20 h: 500 n: 50 , 3397
search3_ w: 20 h: 500 n: 50 , 3920
search3_ w: 20 h: 500 n: 50 , 4441
search3_ w: 20 h: 500 n: 50 , 4962
search3_ w: 20 h: 500 n: 50 , 5502
search3_ w: 50 h: 10 n: 50 , 262
search3_ w: 50 h: 10 n: 50 , 475
search3_ w: 50 h: 10 n: 50 , 638
search3_ w: 50 h: 10 n: 50 , 750
search3_ w: 50 h: 10 n: 50 , 862
search3_ w: 50 h: 10 n: 50 , 1025
search3_ w: 50 h: 10 n: 50 , 1087
search3_ w: 50 h: 10 n: 50 , 1148
search3_ w: 50 h: 10 n: 50 , 1208
search3_ w: 50 h: 10 n: 50 , 1320
search3_ w: 50 h: 500 n: 50 , 752
search3_ w: 50 h: 500 n: 50 , 1454
search3_ w: 50 h: 500 n: 50 , 2107
search3_ w: 50 h: 500 n: 50 , 2709
search3_ w: 50 h: 500 n: 50 , 3310
search3_ w: 50 h: 500 n: 50 , 3962
search3_ w: 50 h: 500 n: 50 , 4513
search3_ w: 50 h: 500 n: 50 , 5065
search3_ w: 50 h: 500 n: 50 , 5616
search3_ w: 50 h: 500 n: 50 , 6217
search3_ w: 10 h: 10 n: 100 , 31
search3_ w: 10 h: 10 n: 100 , 95
search3_ w: 10 h: 10 n: 100 , 116
search3_ w: 10 h: 10 n: 100 , 138
search3_ w: 10 h: 10 n: 100 , 190
search3_ w: 10 h: 10 n: 100 , 241
search3_ w: 10 h: 10 n: 100 , 261
search3_ w: 10 h: 10 n: 100 , 282
search3_ w: 10 h: 10 n: 100 , 325
search3_ w: 10 h: 10 n: 100 , 346
search3_ w: 10 h: 500 n: 100 , 522
search3_ w: 10 h: 500 n: 100 , 1075
search3_ w: 10 h: 500 n: 100 , 1586
search3_ w: 10 h: 500 n: 100 , 2098
search3_ w: 10 h: 500 n: 100 , 2639
search3_ w: 10 h: 500 n: 100 , 3182
search3_ w: 10 h: 500 n: 100 , 3693
search3_ w: 10 h: 500 n: 100 , 4205
search3_ w: 10 h: 500 n: 100 , 4737
search3_ w: 10 h: 500 n: 100 , 5249
search3_ w: 20 h: 10 n: 100 , 50
search3_ w: 20 h: 10 n: 100 , 161
search3_ w: 20 h: 10 n: 100 , 192
search3_ w: 20 h: 10 n: 100 , 224
search3_ w: 20 h: 10 n: 100 , 317
search3_ w: 20 h: 10 n: 100 , 410
search3_ w: 20 h: 10 n: 100 , 441
search3_ w: 20 h: 10 n: 100 , 473
search3_ w: 20 h: 10 n: 100 , 544
search3_ w: 20 h: 10 n: 100 , 574
search3_ w: 20 h: 500 n: 100 , 542
search3_ w: 20 h: 500 n: 100 , 1145
search3_ w: 20 h: 500 n: 100 , 1666
search3_ w: 20 h: 500 n: 100 , 2187
search3_ w: 20 h: 500 n: 100 , 2769
search3_ w: 20 h: 500 n: 100 , 3350
search3_ w: 20 h: 500 n: 100 , 3872
search3_ w: 20 h: 500 n: 100 , 4393
search3_ w: 20 h: 500 n: 100 , 4956
search3_ w: 20 h: 500 n: 100 , 5477
search3_ w: 50 h: 10 n: 100 , 111
search3_ w: 50 h: 10 n: 100 , 374
search3_ w: 50 h: 10 n: 100 , 434
search3_ w: 50 h: 10 n: 100 , 496
search3_ w: 50 h: 10 n: 100 , 708
search3_ w: 50 h: 10 n: 100 , 921
search3_ w: 50 h: 10 n: 100 , 983
search3_ w: 50 h: 10 n: 100 , 1045
search3_ w: 50 h: 10 n: 100 , 1208
search3_ w: 50 h: 10 n: 100 , 1269
search3_ w: 50 h: 500 n: 100 , 602
search3_ w: 50 h: 500 n: 100 , 1356
search3_ w: 50 h: 500 n: 100 , 1908
search3_ w: 50 h: 500 n: 100 , 2460
search3_ w: 50 h: 500 n: 100 , 3162
search3_ w: 50 h: 500 n: 100 , 3863
search3_ w: 50 h: 500 n: 100 , 4414
search3_ w: 50 h: 500 n: 100 , 4964
search3_ w: 50 h: 500 n: 100 , 5616
search3_ w: 50 h: 500 n: 100 , 6169
search3_ w: 10 h: 10 n: 200 , 114
search3_ w: 10 h: 10 n: 200 , 271
search3_ w: 10 h: 10 n: 200 , 314
search3_ w: 10 h: 10 n: 200 , 409
search3_ w: 10 h: 10 n: 200 , 557
search3_ w: 10 h: 10 n: 200 , 662
search3_ w: 10 h: 10 n: 200 , 787
search3_ w: 10 h: 10 n: 200 , 912
search3_ w: 10 h: 10 n: 200 , 983
search3_ w: 10 h: 10 n: 200 , 1024
search3_ w: 10 h: 500 n: 200 , 606
search3_ w: 10 h: 500 n: 200 , 1253
search3_ w: 10 h: 500 n: 200 , 1786
search3_ w: 10 h: 500 n: 200 , 2371
search3_ w: 10 h: 500 n: 200 , 3004
search3_ w: 10 h: 500 n: 200 , 3599
search3_ w: 10 h: 500 n: 200 , 4216
search3_ w: 10 h: 500 n: 200 , 4833
search3_ w: 10 h: 500 n: 200 , 5396
search3_ w: 10 h: 500 n: 200 , 5930
search3_ w: 20 h: 10 n: 200 , 214
search3_ w: 20 h: 10 n: 200 , 510
search3_ w: 20 h: 10 n: 200 , 584
search3_ w: 20 h: 10 n: 200 , 761
search3_ w: 20 h: 10 n: 200 , 1039
search3_ w: 20 h: 10 n: 200 , 1233
search3_ w: 20 h: 10 n: 200 , 1469
search3_ w: 20 h: 10 n: 200 , 1707
search3_ w: 20 h: 10 n: 200 , 1840
search3_ w: 20 h: 10 n: 200 , 1914
search3_ w: 20 h: 500 n: 200 , 706
search3_ w: 20 h: 500 n: 200 , 1495
search3_ w: 20 h: 500 n: 200 , 2056
search3_ w: 20 h: 500 n: 200 , 2721
search3_ w: 20 h: 500 n: 200 , 3487
search3_ w: 20 h: 500 n: 200 , 4172
search3_ w: 20 h: 500 n: 200 , 4900
search3_ w: 20 h: 500 n: 200 , 5623
search3_ w: 20 h: 500 n: 200 , 6245
search3_ w: 20 h: 500 n: 200 , 6807
search3_ w: 50 h: 10 n: 200 , 513
search3_ w: 50 h: 10 n: 200 , 1229
search3_ w: 50 h: 10 n: 200 , 1391
search3_ w: 50 h: 10 n: 200 , 1805
search3_ w: 50 h: 10 n: 200 , 2474
search3_ w: 50 h: 10 n: 200 , 2940
search3_ w: 50 h: 10 n: 200 , 3507
search3_ w: 50 h: 10 n: 200 , 4072
search3_ w: 50 h: 10 n: 200 , 4385
search3_ w: 50 h: 10 n: 200 , 4548
search3_ w: 50 h: 500 n: 200 , 1005
search3_ w: 50 h: 500 n: 200 , 2212
search3_ w: 50 h: 500 n: 200 , 2863
search3_ w: 50 h: 500 n: 200 , 3767
search3_ w: 50 h: 500 n: 200 , 4925
search3_ w: 50 h: 500 n: 200 , 5880
search3_ w: 50 h: 500 n: 200 , 6940
search3_ w: 50 h: 500 n: 200 , 7996
search3_ w: 50 h: 500 n: 200 , 8799
search3_ w: 50 h: 500 n: 200 , 9451
